{"current":{"cloudinary_image_version":"v55","heroId":"c13f9477-63b2-415e-8781-535e79faa57d","colors_accent_1":"#ed3275","type_header_font":"avenir_next_n4","type_body_font":"avenir_next_n4","sale_badge_color_scheme":"accent-1","sold_out_badge_color_scheme":"inverse","accent_icons":"outline-button","social_twitter_link":"","social_facebook_link":"","checkout_header_image":"","checkout_logo_image":"shopify:\/\/shop_images\/checkout_logo_212.png","checkout_logo_position":"center","checkout_logo_size":"medium","checkout_body_background_image":"","checkout_body_background_color":"#ffffff","checkout_input_background_color_mode":"white","checkout_sidebar_background_image":"","checkout_sidebar_background_color":"#fafafa","checkout_heading_font":"Helvetica Neue","checkout_body_font":"Helvetica Neue","checkout_accent_color":"#f37e90","checkout_button_color":"#f37e90","checkout_error_color":"#ff6d6d","display_fb_live":false,"fb_live_video_id":"10156264425318497","display_free_shipping":true,"free_shipping_rule":"us","free_shipping_end_date":"10\/07\/2021","shipping_days":"2-4","display_free_sample":false,"active_free_sample":true,"display_banner_text_1":false,"banner_text_1":"Due to high volume, shipping times are longer than normal.","banner_link_1":"https:\/\/www.100percentpure.com\/pages\/shipping-faq","display_banner_text_2":true,"banner_text_2":"Semi-Annual Sale: Up to 70% OFF SELECT SKIN CARE","banner_link_2":"https:\/\/www.100percentpure.com\/collections\/semi-annual-sale-skin-care","color_primary":"#333333","color_secondary":"#ed3376","color_borders":"#e5e5e5","color_body_bg":"#ffffff","color_body_text":"#333333","color_footer_bg":"#ffffff","color_footer_text":"#333333","color_footer_social_link":"#bbbbbb","color_purity_peach":"#fce4de","color_purity_guava":"#f38189","color_purity_respberry":"#ed3376","color_purity_dark":"#333333","color_purity_light":"#6d6e70","color_purity_white":"#ffffff","HED_text_family":"TimesNewRoman, 'Times New Roman', Times, Baskerville, Georgia, serif","HED_text_style_D":"normal 44px\/48px","HED_text_space_D":"0px","HED_text_style_M":"normal 28px\/30px","HED_text_space_M":"0px","DEK_text_family":"'Arial', 'Helvetica Neue', Helvetica, sans-serif","DEK_text_style_D":"normal 20px\/24px","DEK_text_space_D":"0px","DEK_text_style_M":"normal 14px\/16px","DEK_text_space_M":"0px","page_title_text_family":"TimesNewRoman, 'Times New Roman', Times, Baskerville, Georgia, serif","page_title_text_style_D":"normal 34px\/38px","page_title_text_space_D":"0px","page_title_text_style_M":"normal 24px\/26px","page_title_text_space_M":"0px","section_title_text_family":"TimesNewRoman, 'Times New Roman', Times, Baskerville, Georgia, serif","section_title_text_style_D":"normal 30px\/34px","section_title_text_space_D":"0px","section_title_text_style_M":"normal 20px\/22px","section_title_text_space_M":"0px","module_title_text_family":"TimesNewRoman, 'Times New Roman', Times, Baskerville, Georgia, serif","module_title_text_style_D":"normal 22px\/26px","module_title_text_space_D":"0px","module_title_text_style_M":"normal 16px\/18px","module_title_text_space_M":"0px","content_text_family":"'Arial', 'Helvetica Neue', Helvetica, sans-serif","content_text_style_D":"normal 16px\/22px","content_text_space_D":"0px","content_text_style_M":"normal 14px\/20px","content_text_space_M":"0px","caption_text_family":"'Arial', 'Helvetica Neue', Helvetica, sans-serif","caption_text_style_D":"normal 14px\/18px","caption_text_space_D":"0px","caption_text_style_M":"normal 12px\/16px","caption_text_space_M":"0px","caption_s_text_family":"'Arial', 'Helvetica Neue', Helvetica, sans-serif","caption_s_text_style_D":"normal 12px\/16px","caption_s_text_space_D":"0px","caption_s_text_style_M":"normal 10px\/14px","caption_s_text_space_M":"0px","callout_text_family":"'Arial', 'Helvetica Neue', Helvetica, sans-serif","callout_text_style_D":"bold 14px\/16px","callout_text_space_D":"2px","callout_text_style_M":"bold 12px\/14px","callout_text_space_M":"2px","callout_s_text_family":"'Arial', 'Helvetica Neue', Helvetica, sans-serif","callout_s_text_style_D":"bold 12px\/14px","callout_s_text_space_D":"2px","callout_s_text_style_M":"bold 12px\/14px","callout_s_text_space_M":"2px","logo_use_image":false,"favicon_enable":true,"main_nav":"main-menu","footer_column_1_title":"featured","footer_column_2_title":"company","footer_column_3_title":"information","footer_column_4_title":"SUBSCRIBE","footer_column_1_link":"featured","footer_column_2_link":"company","footer_column_3_link":"information","newsletter_form_action":"","cart_vendor_enable":false,"ajax_cart_method":"page","display_gwp":"none","gwp_collection_handle_2":"","gwp_product_handle_2":"blood-orange-cleansing-balm","gwp_variant_id_2":"","gwp_title_2":"Blood Orange Cleansing Balm","gwp_threshold_2":"50","gwp_value_2":"39","gwp_coupon_name_2":"URTHEBALM","gwp_buffer_2":"","gwp_us_only":false,"promo_image_url":"","img_promo_handle":"","promo_text_title":"","promo_text_content":"","donate_product":true,"donate_variant_id":"32162856468558","show_donate_product_id":"4600890458190","donation_product_handle":"shopify:\/\/products\/hand-sanitizer-spray-donation","special_variant_id":"","special_min_limitation":"3","special_max_limitation":"24","special_variant_id_2":"","special_min_limitation_2":"3","beauty_start":false,"beauty_deal_buffer":"50","beauty_deal_treshold":"4500","beauty_deal_price5":"500","beauty_deal_price10":"1000","beauty_deal_link":"shopify:\/\/collections\/beauty-deals","beauty_deal_quantity":"6","logo_color":"#ffffff","regular_color":"#333333","banner_color":"#ffffff","headline_color":"#333333","headline_border_color":"#aaaaaa","featured_promos_text_color":"#ffffff","headline_footer_text_color":"#ffffff","sub_footer_text_color":"#ae3333","sale_color":"#ae3333","was_price_color":"#ae3333","product_hover_text_color":"#ffffff","promo_text_color":"#333333","shop_home_page_content_text_color":"#333333","newsletter_popup_color":"#333333","newsletter_section_color":"#333333","top_bar_color":"#ffffff","top_bar_color_hover":"#ffffff","nav_color":"#ffffff","nav_color_home":"#ffffff","nav_color_hover":"#ffffff","link_color":"#333333","link_hover_color":"#000000","sidebar_nav_color":"#333333","sidebar_nav_color_hover":"#000000","sub_footer_link_color":"#ae3333","sub_footer_link_color_hover":"#ae3333","btn_color":"#000000","btn_hover_color":"#ae3333","btn_text_color":"#ffffff","button_style":"square","swatch_style":"square","table_styles_enabled":false,"slideshow_arrow_size":"regular","border_color":"#d3d3d3","sub_footer_border_color":"#000000","sale_banner_color":"#ae3333","new_banner_color":"#ae3333","banner_style":"square","testimonial_color":"#ffffff","testimonial_bg_color":"#666666","shop_bg_color":"#ffffff","custom_bg":"","repeat_bg":"repeat","bg_fixed":false,"bg_stretched":false,"modal_background_color":"#ffffff","top_bar_bg_color":"#000000","top_bar_cart_bg_color":"#d54d4d","banner_background_color":"#ffffff","header_bg_color":"#888888","header_background":false,"transparent_header":true,"promo_bg_color":"#ffffff","shop_home_page_content_bg_color":"#ffffff","featured_links_background":"#ffffff","product_hover_bg_color":"#000000","sub_footer_color":"#000000","footer_bg":"","footer_bg_stretched":false,"newsletter_popup_background_color":"#ffffff","newsletter_section_background_color":"#ffffff","custom_logo":"","password_page_text_color":"#ffffff","password_page_background_color":"#000000","password-page-background":"","pagework_page_bg_stretched":true,"logo_font":"Arial, 'Helvetica Neue', Helvetica, sans-serif","logo_weight":"normal","logo_font_style":"none","logo_font_size":"12","headline_font":"Arial, 'Helvetica Neue', Helvetica, sans-serif","headline_weight":"normal","headline_font_style":"none","headline_font_text":"normal","headline_font_size":"20","headline_letter_spacing":"0","headline_border":"thin","top_bar_font_size":"12","top_bar_letter_spacing":"0","nav_font":"Arial, 'Helvetica Neue', Helvetica, sans-serif","nav_weight":"normal","nav_font_style":"none","nav_font_size":"12","nav_letter_spacing":"0","nav_shadow":true,"regular_font":"Arial, 'Helvetica Neue', Helvetica, sans-serif","regular_weight":"normal","regular_font_style":"none","regular_font_size":"12","button_weight":"normal","button_font_style":"none","button_font_size":"12","footer_font_size":"12","slideshow_headline_size":"42","slideshow_headline_weight":"normal","slideshow_subtitle_font":"Arial, 'Helvetica Neue', Helvetica, sans-serif","slideshow_subtitle_weight":"normal","slideshow_subtitle_font_style":"none","slideshow_subtitle_font_text":"normal","slideshow_subtitle_size":"18","slideshow_subtitle_letter_spacing":"0","slideshow_shadow":false,"display_auto_delivery":true,"address_validation":false,"checkout_use_storefront_logo":false,"display_pwp_1":"none","pwp_collection_handle_1":"natural-makeup-palettes-natural-gift-sets","pwp_product_handle_1":"","pwp_variant_id_1":"1234","pwp_title_1":"Fruit Pigmented® Palette","pwp_threshold_1":"65","pwp_value_1":"1234","pwp_discount_price_1":"20","pwp_coupon_name_1":"WINKWINK","pwp_us_only":false,"mixpanel_token":"0fd163b9d9580598e7c5ab73ce08b086","beauty_deal_exclude_collection":"gift-sets","beauty_deal_collection":"beauty-deals","beauty_deal_price":"1000","display_module_1":"true","offers_module_link_1":"shopify:\/\/products\/exclusive-try-me-kit","offers_module_image_1":"shopify:\/\/shop_images\/try_me_kit_main_module.jpg","offers_module_title_1":"Exclusive Skin and Hair Care Set","offers_module_dek_1":"Get FREE bag + FREE shipping with 5 piece minis set","offers_module_cta_1":"Get It Now","display_module_2":"false","offers_module_link_2":"shopify:\/\/products\/hydrating-skin-care-kit","offers_module_image_2":"shopify:\/\/shop_images\/hydrating_skin_care_kit.png","offers_module_title_2":"Save on Hydrating Skin Care Kit","offers_module_dek_2":"Save over 20% and get FREE shipping when you purchase this skin pampering skin care set!","offers_module_cta_2":"Get the Kit","display_module_3":"true","offers_module_link_3":"shopify:\/\/collections\/organic-skin-care","offers_module_image_3":"shopify:\/\/shop_images\/organic_skincare_offers_74318a36-3bda-47d7-b725-30ec23a485b6.png","offers_module_title_3":"Stock Up on Rose Water, Cucumber Juice, Matcha, and High Potency","offers_module_dek_3":"We’ve made it easy for you to find the best line for delivering the most intense benefits for your specific skin type, and for a limited time when you buy 3 items, you'll get the 4th one free.","offers_module_cta_3":"Shop Now","display_module_4":"false","offers_module_link_4":"shopify:\/\/products\/creamsicle-bubbles-set","offers_module_image_4":"shopify:\/\/shop_images\/100_Pure_Shower_Gel.jpg","offers_module_title_4":"Suds Up with a FREE Bath Sponge","offers_module_dek_4":"Get a FREE bath sponge with sweet treat duo of Blood Orange and Vanilla Bean 2oz shower gels","offers_module_cta_4":"Get Your Set","display_module_5":"false","offers_module_link_5":"shopify:\/\/products\/age-corrective-kit","offers_module_image_5":"shopify:\/\/shop_images\/age_corrective_kit_offers_v4_4f5c7328-6acf-45a5-a75b-6cbdd95d436c.png","offers_module_title_5":"Age Corrective Kit","offers_module_dek_5":"Get $35 Off the Ultimate Age Corrective Kit","offers_module_cta_5":"Get the Kit","free_shipping_promo":false,"promo_handle":"","display_pp_multiplier":false,"pp_multiplier":"1","logo_max_width":"450","mm_makeup_img":"MM-makeup","mm_makeup_text":"Makeup Best Sellers","mm_makeup_link":"\/collections\/fruit-dyed-makeup?sort_by=best-selling","mm_skin_care_img":"MM-skin-care","mm_skin_care_text":"Skin Care Best Sellers","mm_skin_care_link":"\/collections\/skin-care?sort_by=best-selling","mm_hair_body_img":"MM-hair-and-body","mm_hair_body_text":"Body Best Sellers","mm_hair_body_link":"\/collections\/bath-body?sort_by=best-selling","mm_specials_order":"134","mm_special_1_img":"MM-specials","mm_special_1_text":"GIFT SETS","mm_special_1_link":"\/collections\/gift-sets","mm_special_2_img":"","mm_special_2_text":"","mm_special_2_link":"","mm_special_3_img":"MM-gift-card.png","mm_special_3_text":"ONLINE GIFT CARD","mm_special_3_link":"shopify:\/\/products\/online-gift-card","mm_special_4_img":"MM-award.png","mm_special_4_text":"AWARDS","mm_special_4_link":"shopify:\/\/collections\/award","mm_explore_order":"1234","mm_explore_1_img":"MM-samples","mm_explore_1_text":"SAMPLES","mm_explore_1_link":"\/pages\/sample","mm_explore_2_img":"MM-blog","mm_explore_2_text":"BLOG","mm_explore_2_link":"\/blogs\/feed#cover","mm_explore_3_img":"MM-how-to","mm_explore_3_text":"HOW TO","mm_explore_3_link":"\/blogs\/How-To","mm_explore_4_img":"MM-product-finer","mm_explore_4_text":"PRODUCT FINDER","mm_explore_4_link":"\/pages\/product-finder","pwp_handle_1":"","gwp_handle_2":"mermaid-magic","pwp_handle_2":"","pwp_value_2":"","pwp_discount_price_2":"","pwp_threshold_2":"","pwp_handle_3":"","pwp_value_3":"","pwp_discount_price_3":"","pwp_threshold_3":"","pwp_handle_4":"","pwp_value_4":"","pwp_discount_price_4":"","pwp_threshold_4":"","pwp_handle_5":"","pwp_value_5":"","pwp_discount_price_5":"","pwp_threshold_5":"","cart_notes_enable":false,"gwp_handle_1":"","gwp_title_1":"","gwp_variant_id_1":"","gwp_value_1":"","gwp_threshold_1":"","gwp_handle_3":"","gwp_title_3":"","gwp_variant_id_3":"","gwp_value_3":"","gwp_threshold_3":"","gwp_handle_4":"","gwp_title_4":"","gwp_variant_id_4":"","gwp_value_4":"","gwp_threshold_4":"","main_module_headline":"","main_module_dek":"<p><\/p>","main_module_link_1":"shopify:\/\/products\/wildfire-relief-set","main_module_image_1":"shopify:\/\/shop_images\/Module_1.png","main_module_dek_1":"Wildfire Relief Set","main_module_cta_1":"Shop Now","main_module_link_2":"shopify:\/\/products\/holiday-gift-set-makeup-essential","main_module_image_2":"shopify:\/\/shop_images\/holiday_module2.png","main_module_dek_2":"Makeup Essentials","main_module_cta_2":"Shop Now","main_module_link_3":"shopify:\/\/products\/holiday-gift-set-fruit-pigmented-lipstick-trio","main_module_image_3":"shopify:\/\/shop_images\/holiday_gift_sets_web_assetsholiday_module_1b8718f6-e350-4ecb-95f4-0820480e9085.jpg","main_module_dek_3":"Fruit Pigmented® Lipstick Trio","main_module_cta_3":"Shop Now","fwb_makeup_img":"","fwb_makeup_hed":"","fwb_makeup_dek":"<p><\/p>","fwb_makeup_label":"","fwb_makeup_link":"","mm_new_makeup_img":"shopify:\/\/shop_images\/Makeup-Drop-Down-1.jpg","mm_best_seller_makeup_img":"","mm_hair_img":"","mm_body_img":"","megamenu_image_1":"","trending_title":"","trending_handle":"","display_launch_date":true,"vip_launch_date":"04\/10\/2017","standard_launch_date":"11\/10\/2017","sotm_enable":true,"sotm":"Rose","sotm_description":"The rose is considered a classic symbol of purity and beauty, long cherished for its romantic bloom and elegant aroma. Giving the gift of a rose is a centuries old tradition that we find rings true, considering this flower offers many unique gifts of its own. We choose to utilize rose in our skincare and cosmetics because of its wondrous and varied remedies for the skin: undiluted hydrosol hydrates, tones, and balances, while rose hip oil delivers skin rejuvenating vitamins and antioxidants. We love rose for its pure and potent benefits, and know your skin will too.","iotm_enable":true,"iotm":"Avocado","iotm_description":"Technically considered a large berry with a single giant seed, the avocado is as beneficial for skin as it is unique. This leathery green fruit (also called ‘alligator pear’) is known for its creamy texture and flavorful meat, but its benefits aren’t only for taste; hydration, moisturization, and protective antioxidants can all be found in avocados. We use avocado butter, oil, and seed oil in our skincare and cosmetics to instill non-clogging, soothing nourishment and repairing vitamins into your skin.","main_module_image_file_name_1":"floral_body_care_collection_main_module.jpg","main_module_image_file_name_2":"back_in_stock_main_module_v2.png","main_module_alt_tag_1":"Floral Essence Body Care Collection","main_module_alt_tag_2":"Back in Stock","display_multiple_gwp":false,"modal_overlay_color":"#ffffff","modal_bg_transparency":"0.75","modal_text_align":"left","modal_bg_color":"#ffffff","modal_border_color":"#000000","modal_trigger":"Newsletter →","modal_title":"Sign Up!","modal_submit_text":"Sign Up!","modal_signup_first":"0","modal_signup_total":"0","modal_signup_page_view":"1","modal_signup_delay_time":"2000","modal_show_on_mobile_device":"true","modal_success_callback":"server","modal_promo_code":"","signup_fb_tracking":false,"signup_fb_pixel":"","iotm_categories_items":"makeup,skincare,bath&body","sotm_categories_items":"makeup,skincare,bath&body","checkout_use_header_image":false,"checkout_logo":"checkout_logo.png","checkout_use_body_background_image":false,"checkout_use_sidebar_background_image":false,"iotm_handle":"ingredient-of-the-month","iotm_title":"Ingredient of the Month","iotm_headline":"20% off Acerola Cherry","iotm_link":"MAY EXCLUSIVE","iotm_image_url":"\/\/cdn.shopify.com\/s\/files\/1\/0654\/4373\/files\/ingredient-collection.jpg","sotm_handle":"scent-of-the-month","sotm_title":"Scent of the Month","sotm_headline":"20% Off Pink Grapefruit","sotm_link":"MAY EXCLUSIVE","sotm_image_url":"\/\/cdn.shopify.com\/s\/files\/1\/0654\/4373\/files\/scent-of-the-month-module-pink-grapefruit-module_1.png","iotm_tags":"makeup,skincare,bath","sotm_tags":"makeup,skincare,bath","sotm_content":"Native to South America, we love Acerola cherry because it is extremely rich in  vitamin c &amp; carotenoids which provide the skin with antioxidants","iotm_body":"Native to South America, we love Acerola cherry because it is extremely rich in vitamin C & carotenoids which provide the skin with antioxidants.","iotm_content":"<p>Highly coveted because of its age-defying qualities, collagen is the component in the skin that keeps it smooth, elastic, and youthful. Skincare products can’t actually increase collagen in the skin, but certain ingredients can help to encourage the body’s own ability to produce it. One of these powerful ingredients is seaweed.<\/p> <p>An anomaly of the plant kingdom, seaweed regenerates itself at an astounding rate of two feet per day. It isn’t surprising, then, that when concentrated and used in our serums, shampoos, masks, and moisturizers, seaweed collagen becomes a powerful catalyst for skin renewal.<\/p>","ingredient-of-the-month-handle":"","ingredient-of-the-month-headline":"Ingredient of the Months","ingredient-of-the-month-title":"20% off Acerola Cherrys","ingredient-of-the-month-content":"Native to South America, we love Acerola cherry because it is extremely rich in Vitamin C & carotenoids which provide the skin with antioxidants.","scent-of-the-month-handle":"","scent-of-the-month-headline":"","scent-of-the-month-title":"","scent-of-the-month-content":"","new_product_spotlight_handle":"multi-vitamin-antioxidants-ultra-riche-pm-treatment","new_product_spotlight_short_description":"Consectetur adipiscing elit. Donec non sapien ac ligula tempus bibendum quis vitae turpis. Nam lacinia nibh non nisl facilisis, id condimentum arcu fermentum. Etiam viverra adipiscing augue, non sagittis risus ullamcorper sed. Nam vehicula,             enim ut molestie gravida, mauris augue tincidunt augue, quis lobortis orci sem in nisi. In at ultricies velit. Lorem ipsum dolor sit amet, consectetur adipiscing...","makeup_collection_spotlight_handle":"lips-and-tips","skincare_collection_spotlight_handle":"vitamin-c-serum-skincare","bathbody_collection_spotlight_handle":"rub-adub-dub","new_product_handle":"multi-vitamin-antioxidants-ultra-riche-pm-treatment","footer_social_enable":true,"footer_newsletter_enable":true,"sections":{"product-recommendations":{"type":"product-recommendations","settings":{}},"announcement-bar":{"type":"announcement-bar","blocks":{"announcement-bar-0":{"type":"announcement","settings":{"text":"Welcome to our store","color_scheme":"accent-1","link":""}}},"block_order":["announcement-bar-0"],"settings":{}},"purity_header":{"type":"purity_header","settings":{}},"footer":{"type":"footer","blocks":{"footer-0":{"type":"link_list","settings":{"heading":"Quick links","menu":"footer"}}},"block_order":["footer-0"],"settings":{"color_scheme":"background-2","newsletter_enable":true,"newsletter_heading":"Sign up to our emails","show_social":true,"enable_country_selector":true,"enable_language_selector":true,"payment_enable":true}}},"content_for_index":[]},"presets":{"Default":{"ajax_cart_method":"page","cart_notes_enable":true,"color_body_bg":"#fff","color_body_text":"#333333","color_borders":"#e5e5e5","color_footer_bg":"#f2f2f2","color_footer_social_link":"#bbbbbb","color_footer_text":"#636363","color_primary":"#747474","color_secondary":"#bbb","favicon_enable":false,"footer_newsletter_enable":true,"footer_social_enable":true,"logo_use_image":false,"social_facebook_link":"","social_twitter_link":""}}}