{"sections":{"collection-banner":{"type":"collection-banner","blocks":{"a9bf33fd-a2b6-4197-88db-fecb021e8176":{"type":"heading","settings":{"heading":"Image banner"}}},"block_order":["a9bf33fd-a2b6-4197-88db-fecb021e8176"],"settings":{"image":"shopify:\/\/shop_images\/large-BP__applying_sunscreen.jpg","image_mbl":"shopify:\/\/shop_images\/501.jpg","desktop_text_box_position":"center","color_scheme":"background-1","stack_images_on_mobile":true,"adapt_height_first_image":false}},"banner":{"type":"main-collection-banner","settings":{"show_collection_description":true,"show_collection_image":true}},"product-grid":{"type":"main-collection-product-grid","settings":{"products_per_page":24,"image_ratio":"adapt","show_secondary_image":true,"add_image_padding":false,"show_image_outline":false,"show_vendor":false,"enable_filtering":false,"enable_sorting":true,"collapse_on_larger_devices":false,"baner_image":"shopify:\/\/shop_images\/501.jpg","heding_text":"pre-header","des":"<p>here comes text <\/p><p> from customization<\/p>"}},"1628629795d80d8dee":{"type":"image-with-text","disabled":true,"blocks":{"1628629795d80d8dee-0":{"type":"heading","disabled":true,"settings":{"heading":"Image with text"}},"1628629795d80d8dee-1":{"type":"text","disabled":true,"settings":{"text":"<p>Pair text with an image to focus on your chosen product, collection, or blog post. Add details on availability, style, or even provide a review.<\/p>"}},"1628629795d80d8dee-2":{"type":"button","disabled":true,"settings":{"button_label":"Button label","button_link":""}}},"block_order":["1628629795d80d8dee-0","1628629795d80d8dee-1","1628629795d80d8dee-2"],"settings":{"image":"shopify:\/\/shop_images\/BP-applying_oil.jpg","height":"adapt","color_scheme":"background-1","layout":"image_first"}},"16285487208263d81f":{"type":"featured-collection","settings":{"sub-hed":"BEST SELLERS","title":"Fulfill Your Hydration","collection-link":"","collection":"100-pure-at-ny-fashion-week","products_to_show":6,"show_view_all":false,"swipe_on_mobile":false,"image_ratio":"adapt","show_secondary_image":false,"add_image_padding":false,"show_vendor":false}}},"order":["collection-banner","banner","product-grid","1628629795d80d8dee","16285487208263d81f"]}