{"sections":{"image_banner":{"type":"image-banner","settings":{"image":"shopify:\/\/shop_images\/Fall_Sale_hero.gif","image_mbl":"shopify:\/\/shop_images\/Fall_Sale_mobile.gif","desktop_text_box_position":"flex-end","color_scheme":"background-2","stack_images_on_mobile":true,"adapt_height_first_image":false}},"1632294059aecab9b8":{"type":"home-featured-collection","settings":{"title":"Top Reviewed","collection":"top-reviewed","collection-link":"shopify:\/\/collections\/top-reviewed","products_to_show":8,"show_view_all":false,"swipe_on_mobile":false,"image_ratio":"adapt","show_secondary_image":false,"add_image_padding":false,"show_image_outline":true,"show_vendor":false,"show_rating":true}},"1632141121ac4d967b":{"type":"image-banner","settings":{"image":"shopify:\/\/shop_images\/cbec_hero.jpg","image_mbl":"shopify:\/\/shop_images\/cbec_mobile.jpg","desktop_text_box_position":"center","color_scheme":"background-1","stack_images_on_mobile":true,"adapt_height_first_image":false}},"multicolumn-link":{"type":"multicolumn-link","blocks":{"365e34b1-32f1-4d2a-af98-e82f85921a35":{"type":"column","settings":{"image":"shopify:\/\/shop_images\/Coffee_Bean_Caffeine_Eye_Cream_web_assetmodule_4b6dfd56-1d0b-4707-a473-ce2362bf92b4.jpg","title":"PURE MUST-HAVES","text-des":"<p>Best-Selling Products<\/p>","coll-link":"shopify:\/\/collections\/best-sellers","link":"shopify:\/\/collections\/best-sellers","linktext":"SHOP NOW"}},"1a4ce35d-4391-46d9-8a61-8a9ffae04d1e":{"type":"column","settings":{"image":"shopify:\/\/shop_images\/Susie_s_Module_8875e877-9655-4cf2-89ac-5ac1e5e30235.jpg","title":"HOW SUSIE DISCOVERED","text-des":"<p>Fruit Pigmented® Technology<\/p>","coll-link":"shopify:\/\/collections\/100-pure-legacy-story-fruit-pigmented-makeup","link":"shopify:\/\/collections\/100-pure-legacy-story-fruit-pigmented-makeup","linktext":"LEARN MORE"}},"33e786a9-c1ec-4409-92d3-4b266bda5bf7":{"type":"column","settings":{"image":"shopify:\/\/shop_images\/Allure_Award_Body_Scrubs_module_1-min_5f07ed8b-0150-4a36-adc6-0f425a5dd79b.jpg","title":"BEST OF BEAUTY","text-des":"<p>Award Winning Product<\/p>","coll-link":"shopify:\/\/collections\/award","link":"shopify:\/\/collections\/award","linktext":"SHOP NOW"}}},"block_order":["365e34b1-32f1-4d2a-af98-e82f85921a35","1a4ce35d-4391-46d9-8a61-8a9ffae04d1e","33e786a9-c1ec-4409-92d3-4b266bda5bf7"],"settings":{"title":"Multicolumn"}},"image-banner-link":{"type":"image-banner-link","settings":{"image":"shopify:\/\/shop_images\/philanthropy_hero_1_56b78ac6-297c-4f37-9733-bf2ec386ec27.jpg","image_mbl":"shopify:\/\/shop_images\/philanthropy_mobile_1_09dc3871-5598-460e-a425-15772d8aacb1.jpg","image-link":"shopify:\/\/collections","desktop_text_box_position":"center","color_scheme":"background-1","stack_images_on_mobile":true,"adapt_height_first_image":false}},"1632206457b05c2a9b":{"type":"featured-blog","settings":{"heading":"From Our Blog","blog":"feed","post_limit":6,"show_image":true,"show_date":true,"show_author":false,"soft_background":false,"show_view_all":false}}},"order":["image_banner","1632294059aecab9b8","1632141121ac4d967b","multicolumn-link","image-banner-link","1632206457b05c2a9b"]}