{"sections":{"main":{"type":"main-list-collections","disabled":true,"settings":{"title":"Collections","sort":"alphabetical","image_ratio":"adapt","color_scheme":"background-1","image_padding":false}},"16286303880bc6b353":{"type":"collection-list","blocks":{"16286303880bc6b353-0":{"type":"featured_collection","settings":{"collection":""}},"16286303880bc6b353-1":{"type":"featured_collection","settings":{"collection":""}},"16286303880bc6b353-2":{"type":"featured_collection","settings":{"collection":""}}},"block_order":["16286303880bc6b353-0","16286303880bc6b353-1","16286303880bc6b353-2"],"settings":{"title":"Collections","image_ratio":"square","color_scheme":"background-1","swipe_on_mobile":false,"image_padding":false,"show_view_all":false}}},"order":["main","16286303880bc6b353"]}