{"sections":{"main":{"type":"main-product","blocks":{"subtitle":{"type":"text","settings":{"text":"{{ product.metafields.descriptors.subtitle.value }}","text_style":"subtitle"}},"title":{"type":"title","settings":{}},"vendor":{"type":"text","disabled":true,"settings":{"text":"{{ product.vendor }}","text_style":"uppercase"}},"variant_picker":{"type":"variant_picker","settings":{"picker_type":"button"}},"price":{"type":"price","settings":{}},"quantity_selector":{"type":"quantity_selector","settings":{}},"buy_buttons":{"type":"buy_buttons","settings":{"show_dynamic_checkout":false}},"description":{"type":"description","settings":{}}},"block_order":["subtitle","title","vendor","variant_picker","price","quantity_selector","buy_buttons","description"],"settings":{"enable_sticky_info":true,"enable_video_looping":false}},"product-recommendations":{"type":"product-recommendations","settings":{"heading":"You may also like","image_ratio":"adapt","show_secondary_image":false,"add_image_padding":false,"show_vendor":false}},"ig-posts":{"type":"ig-posts","settings":{}}},"order":["main","product-recommendations","ig-posts"]}